State,Installed capacity (MW)
ACT,1.2689
NSW,1428.1585
NT,0.1998
QLD,734.7734
SA,216.07080000000002
TAS,1.0146000000000002
VIC,142.1491
WA,69.9097
